GrainSize,Time[s],NumTasks
1, 0.0544055, 640000
2, 0.0340415, 262144
4, 0.047661, 65536
8, 0.0651566, 16384
10, 0.0653794, 16384
16, 0.076228, 4096
20, 0.0761476, 4096
32, 0.0818665, 1024
40, 0.0817356, 1024
64, 0.0858097, 256
80, 0.0847489, 256
128, 0.0871084, 64
256, 0.0875093, 16
400, 0.0873206, 4
800, 0.157517, 1
